page_title,h1,h2,h3,h4,h5,h6,a,navigation_menus,reviews,tables,images,links,meta,paragraphs,articles,quotes,spans
No data,No data,No data,No data,No data,No data,No data,52:0052:00Now playing,No data,No data,No data,No data,/watch?v=LKtQ9p25ek0,No data,No data,No data,No data,Likes
No data,No data,No data,No data,No data,No data,No data,Fungi’s Resilience and IntelligenceShow Me the WorldShow Me the WorldVerified••886K views2 months ago,No data,No data,No data,No data,/watch?v=LKtQ9p25ek0,No data,No data,No data,No data,"96,276"
No data,No data,No data,No data,No data,No data,No data,14:5914:59Now playing,No data,No data,No data,No data,/watch?v=aDU-oTiHnCs,No data,No data,No data,No data,"96,276"
No data,No data,No data,No data,No data,No data,No data,Math News: The Bunkbed conjecture was just debunked!!!!!!!Dr. Trefor BazettDr. Trefor BazettVerified••189K views7 days ago,No data,No data,No data,No data,/watch?v=aDU-oTiHnCs,No data,No data,No data,No data,Views
No data,No data,No data,No data,No data,No data,No data,34:2934:29Now playing,No data,No data,No data,No data,/watch?v=jnxqHcObNK4,No data,No data,No data,No data,Views
No data,No data,No data,No data,No data,No data,No data,Wavelets: a mathematical microscopeArtem KirsanovArtem KirsanovVerified••636K views2 years ago,No data,No data,No data,No data,/watch?v=jnxqHcObNK4,No data,No data,No data,No data,Aug 12
No data,No data,No data,No data,No data,No data,No data,45:4645:46Now playing,No data,No data,No data,No data,/watch?v=n4IQOBka8bc,No data,No data,No data,No data,Aug 12
No data,No data,No data,No data,No data,No data,No data,"Geoffrey Hinton | On working with Ilya, choosing problems, and the power of intuitionSanaSana••253K views4 months ago",No data,No data,No data,No data,/watch?v=n4IQOBka8bc,No data,No data,No data,No data,2024
No data,No data,No data,No data,No data,No data,No data,27:1527:15Now playing,No data,No data,No data,No data,/watch?v=DxL2HoqLbyA,No data,No data,No data,No data,2024
No data,No data,No data,No data,No data,No data,No data,The Most Misunderstood Concept in PhysicsVeritasiumVeritasiumVerified••15M views1 year ago,No data,No data,No data,No data,/watch?v=DxL2HoqLbyA,No data,No data,No data,No data,"Get 20% off athttps://shortform.com/artemIn this video we explore Boltzmann Machines – one of the first generative models that learns probability distribution of data, leveraging stochastic rules and latent representations.

Socials:
X/Twitter:https://x.com/ArtemKRSVPatreon (to view the extended script):/ artemkirsanovOUTLINE:00:00Introduction01:56Goal of Boltzmann Machines05:26Boltzmann Distribution13:29Stochastic Update Rule17:39Contrastive Hebbian Rule25:41Hidden Units28:25Restricted Boltzmann Machines29:38Conclusion & Outro

References:
1. Ackley, D., Hinton, G. & Sejnowski, T. A learning algorithm for boltzmann machines. Cognitive Science 9, 147–169 (1985).
2. Downing, K. L. Gradient Expectations: Structure, Origins, and Synthesis of Predictive Neural Networks. (The MIT Press, Cambridge, Massachusetts, 2023).
3. Hinton, G. E. & Salakhutdinov, R. R. Reducing the Dimensionality of Data with Neural Networks. Science 313, 504–507 (2006).
4. Hinton, G. E. A Practical Guide to Training Restricted Boltzmann Machines. in Neural Networks: Tricks of the Trade (eds. Montavon, G., Orr, G. B. & Müller, K.-R.) vol. 7700 599–619 (Springer Berlin Heidelberg, Berlin, Heidelberg, 2012).

Special thanks to Crimson Ghoul for providing English subtitles!"
No data,No data,No data,No data,No data,No data,No data,46:2246:22Now playing,No data,No data,No data,No data,/watch?v=s7_NlkBwdj8,No data,No data,No data,No data,Get 20% off at
No data,No data,No data,No data,No data,No data,No data,"It's Not About Scale, It's About AbstractionMachine Learning Street TalkMachine Learning Street Talk••47K views4 days agoNew",No data,No data,No data,No data,/watch?v=s7_NlkBwdj8,No data,No data,No data,No data,https://shortform.com/artem
No data,No data,No data,No data,No data,No data,No data,53:4153:41Now playing,No data,No data,No data,No data,/watch?v=rbu7Zu5X1zI,No data,No data,No data,No data,"In this video we explore Boltzmann Machines – one of the first generative models that learns probability distribution of data, leveraging stochastic rules and latent representations.

Socials:
X/Twitter:"
No data,No data,No data,No data,No data,No data,No data,How I animate 3Blue1Brown | A Manim demo with Ben Sparks3Blue1Brown3Blue1BrownVerified••561K views4 days agoNew,No data,No data,No data,No data,/watch?v=rbu7Zu5X1zI,No data,No data,No data,No data,https://x.com/ArtemKRSV
No data,No data,No data,No data,No data,No data,No data,26:5726:57Now playing,No data,No data,No data,No data,/watch?v=f8CXG7dS-D0,No data,No data,No data,No data,Patreon (to view the extended script):
No data,No data,No data,No data,No data,No data,No data,"The most beautiful equation in math, explained visually [Euler’s Formula]Welch LabsWelch Labs••891K views2 months ago",No data,No data,No data,No data,/watch?v=f8CXG7dS-D0,No data,No data,No data,No data,/ artemkirsanov
No data,No data,No data,No data,No data,No data,No data,37:0337:03Now playing,No data,No data,No data,No data,/watch?v=6akmv1bsz1M,No data,No data,No data,No data,/ artemkirsanov
No data,No data,No data,No data,No data,No data,No data,Something Strange Happens When You Follow Einstein's MathVeritasiumVeritasiumVerified••15M views5 months ago,No data,No data,No data,No data,/watch?v=6akmv1bsz1M,No data,No data,No data,No data,
No data,No data,No data,No data,No data,No data,No data,,No data,No data,No data,No data,,No data,No data,No data,No data,OUTLINE:
No data,No data,No data,No data,No data,No data,No data,,No data,No data,No data,No data,,No data,No data,No data,No data,00:00
No data,No data,No data,No data,No data,No data,No data,No data,No data,No data,No data,No data,No data,No data,No data,No data,No data,Introduction
No data,No data,No data,No data,No data,No data,No data,No data,No data,No data,No data,No data,No data,No data,No data,No data,No data,01:56
No data,No data,No data,No data,No data,No data,No data,No data,No data,No data,No data,No data,No data,No data,No data,No data,No data,Goal of Boltzmann Machines
No data,No data,No data,No data,No data,No data,No data,No data,No data,No data,No data,No data,No data,No data,No data,No data,No data,05:26
No data,No data,No data,No data,No data,No data,No data,No data,No data,No data,No data,No data,No data,No data,No data,No data,No data,Boltzmann Distribution
No data,No data,No data,No data,No data,No data,No data,No data,No data,No data,No data,No data,No data,No data,No data,No data,No data,13:29
No data,No data,No data,No data,No data,No data,No data,No data,No data,No data,No data,No data,No data,No data,No data,No data,No data,Stochastic Update Rule
No data,No data,No data,No data,No data,No data,No data,No data,No data,No data,No data,No data,No data,No data,No data,No data,No data,17:39
No data,No data,No data,No data,No data,No data,No data,No data,No data,No data,No data,No data,No data,No data,No data,No data,No data,Contrastive Hebbian Rule
No data,No data,No data,No data,No data,No data,No data,No data,No data,No data,No data,No data,No data,No data,No data,No data,No data,25:41
No data,No data,No data,No data,No data,No data,No data,No data,No data,No data,No data,No data,No data,No data,No data,No data,No data,Hidden Units
No data,No data,No data,No data,No data,No data,No data,No data,No data,No data,No data,No data,No data,No data,No data,No data,No data,28:25
No data,No data,No data,No data,No data,No data,No data,No data,No data,No data,No data,No data,No data,No data,No data,No data,No data,Restricted Boltzmann Machines
No data,No data,No data,No data,No data,No data,No data,No data,No data,No data,No data,No data,No data,No data,No data,No data,No data,29:38
No data,No data,No data,No data,No data,No data,No data,No data,No data,No data,No data,No data,No data,No data,No data,No data,No data,"Conclusion & Outro

References:
1. Ackley, D., Hinton, G. & Sejnowski, T. A learning algorithm for boltzmann machines. Cognitive Science 9, 147–169 (1985).
2. Downing, K. L. Gradient Expectations: Structure, Origins, and Synthesis of Predictive Neural Networks. (The MIT Press, Cambridge, Massachusetts, 2023).
3. Hinton, G. E. & Salakhutdinov, R. R. Reducing the Dimensionality of Data with Neural Networks. Science 313, 504–507 (2006).
4. Hinton, G. E. A Practical Guide to Training Restricted Boltzmann Machines. in Neural Networks: Tricks of the Trade (eds. Montavon, G., Orr, G. B. & Müller, K.-R.) vol. 7700 599–619 (Springer Berlin Heidelberg, Berlin, Heidelberg, 2012).

Special thanks to Crimson Ghoul for providing English subtitles!"
No data,No data,No data,No data,No data,No data,No data,No data,No data,No data,No data,No data,No data,No data,No data,No data,No data,"Get 20% off athttps://shortform.com/artemIn this video we explore Boltzmann Machines – one of the first generative models that learns probability distribution of data, leveraging stochastic rules and latent representations.

Socials:
X/Twitter:https://x.com/ArtemKRSVPatreon (to view the extended script):/ artemkirsanovOUTLINE:00:00Introduction01:56Goal of Boltzmann Machines05:26Boltzmann Distribution13:29Stochastic Update Rule17:39Contrastive Hebbian Rule25:41Hidden Units28:25Restricted Boltzmann Machines29:38Conclusion & Outro

References:
1. Ackley, D., Hinton, G. & Sejnowski, T. A learning algorithm for boltzmann machines. Cognitive Science 9, 147–169 (1985).
2. Downing, K. L. Gradient Expectations: Structure, Origins, and Synthesis of Predictive Neural Networks. (The MIT Press, Cambridge, Massachusetts, 2023).
3. Hinton, G. E. & Salakhutdinov, R. R. Reducing the Dimensionality of Data with Neural Networks. Science 313, 504–507 (2006).
4. Hinton, G. E. A Practical Guide to Training Restricted Boltzmann Machines. in Neural Networks: Tricks of the Trade (eds. Montavon, G., Orr, G. B. & Müller, K.-R.) vol. 7700 599–619 (Springer Berlin Heidelberg, Berlin, Heidelberg, 2012).

Special thanks to Crimson Ghoul for providing English subtitles!"
No data,No data,No data,No data,No data,No data,No data,No data,No data,No data,No data,No data,No data,No data,No data,No data,No data,
No data,No data,No data,No data,No data,No data,No data,No data,No data,No data,No data,No data,No data,No data,No data,No data,No data,"Get 20% off athttps://shortform.com/artemIn this video we explore Boltzmann Machines – one of the first generative models that learns probability distribution of data, leveraging stochastic rules and latent representations.

Socials:
X/Twitter:https://x.com/ArtemKRSVPatreon (to view the extended script):/ artemkirsanovOUTLINE:00:00Introduction01:56Goal of Boltzmann Machines05:26Boltzmann Distribution13:29Stochastic Update Rule17:39Contrastive Hebbian Rule25:41Hidden Units28:25Restricted Boltzmann Machines29:38Conclusion & Outro

References:
1. Ackley, D., Hinton, G. & Sejnowski, T. A learning algorithm for boltzmann machines. Cognitive Science 9, 147–169 (1985).
2. Downing, K. L. Gradient Expectations: Structure, Origins, and Synthesis of Predictive Neural Networks. (The MIT Press, Cambridge, Massachusetts, 2023).
3. Hinton, G. E. & Salakhutdinov, R. R. Reducing the Dimensionality of Data with Neural Networks. Science 313, 504–507 (2006).
4. Hinton, G. E. A Practical Guide to Training Restricted Boltzmann Machines. in Neural Networks: Tricks of the Trade (eds. Montavon, G., Orr, G. B. & Müller, K.-R.) vol. 7700 599–619 (Springer Berlin Heidelberg, Berlin, Heidelberg, 2012).

Special thanks to Crimson Ghoul for providing English subtitles!"
No data,No data,No data,No data,No data,No data,No data,No data,No data,No data,No data,No data,No data,No data,No data,No data,No data,Get 20% off at
No data,No data,No data,No data,No data,No data,No data,No data,No data,No data,No data,No data,No data,No data,No data,No data,No data,https://shortform.com/artem
No data,No data,No data,No data,No data,No data,No data,No data,No data,No data,No data,No data,No data,No data,No data,No data,No data,"In this video we explore Boltzmann Machines – one of the first generative models that learns probability distribution of data, leveraging stochastic rules and latent representations.

Socials:
X/Twitter:"
No data,No data,No data,No data,No data,No data,No data,No data,No data,No data,No data,No data,No data,No data,No data,No data,No data,https://x.com/ArtemKRSV
No data,No data,No data,No data,No data,No data,No data,No data,No data,No data,No data,No data,No data,No data,No data,No data,No data,Patreon (to view the extended script):
No data,No data,No data,No data,No data,No data,No data,No data,No data,No data,No data,No data,No data,No data,No data,No data,No data,/ artemkirsanov
No data,No data,No data,No data,No data,No data,No data,No data,No data,No data,No data,No data,No data,No data,No data,No data,No data,/ artemkirsanov
No data,No data,No data,No data,No data,No data,No data,No data,No data,No data,No data,No data,No data,No data,No data,No data,No data,
No data,No data,No data,No data,No data,No data,No data,No data,No data,No data,No data,No data,No data,No data,No data,No data,No data,OUTLINE:
No data,No data,No data,No data,No data,No data,No data,No data,No data,No data,No data,No data,No data,No data,No data,No data,No data,00:00
No data,No data,No data,No data,No data,No data,No data,No data,No data,No data,No data,No data,No data,No data,No data,No data,No data,Introduction
No data,No data,No data,No data,No data,No data,No data,No data,No data,No data,No data,No data,No data,No data,No data,No data,No data,01:56
No data,No data,No data,No data,No data,No data,No data,No data,No data,No data,No data,No data,No data,No data,No data,No data,No data,Goal of Boltzmann Machines
No data,No data,No data,No data,No data,No data,No data,No data,No data,No data,No data,No data,No data,No data,No data,No data,No data,05:26
No data,No data,No data,No data,No data,No data,No data,No data,No data,No data,No data,No data,No data,No data,No data,No data,No data,Boltzmann Distribution
