page_title,h1,h2,h3,h4,h5,h6,a,navigation_menus,reviews,tables,images,links,meta,paragraphs,articles,quotes,spans
No data,No data,No data,No data,No data,No data,No data,No data,No data,No data,No data,No data,No data,No data,No data,No data,No data,6 months ago
No data,No data,No data,No data,No data,No data,No data,No data,No data,No data,No data,No data,No data,No data,No data,No data,No data,
No data,No data,No data,No data,No data,No data,No data,No data,No data,No data,No data,No data,No data,No data,No data,No data,No data,56:48
No data,No data,No data,No data,No data,No data,No data,No data,No data,No data,No data,No data,No data,No data,No data,No data,No data,Now playing
No data,No data,No data,No data,No data,No data,No data,No data,No data,No data,No data,No data,No data,No data,No data,No data,No data,Where Is Everything In The Universe Going?
No data,No data,No data,No data,No data,No data,No data,No data,No data,No data,No data,No data,No data,No data,No data,No data,No data,
No data,No data,No data,No data,No data,No data,No data,No data,No data,No data,No data,No data,No data,No data,No data,No data,No data,692K views
No data,No data,No data,No data,No data,No data,No data,No data,No data,No data,No data,No data,No data,No data,No data,No data,No data,12 days ago
No data,No data,No data,No data,No data,No data,No data,No data,No data,No data,No data,No data,No data,No data,No data,No data,No data,
No data,No data,No data,No data,No data,No data,No data,No data,No data,No data,No data,No data,No data,No data,No data,No data,No data,37:05
No data,No data,No data,No data,No data,No data,No data,No data,No data,No data,No data,No data,No data,No data,No data,No data,No data,Now playing
No data,No data,No data,No data,No data,No data,No data,No data,No data,No data,No data,No data,No data,No data,No data,No data,No data,Brain Criticality - Optimizing Neural Computations
No data,No data,No data,No data,No data,No data,No data,No data,No data,No data,No data,No data,No data,No data,No data,No data,No data,
No data,No data,No data,No data,No data,No data,No data,No data,No data,No data,No data,No data,No data,No data,No data,No data,No data,219K views
No data,No data,No data,No data,No data,No data,No data,No data,No data,No data,No data,No data,No data,No data,No data,No data,No data,1 year ago
No data,No data,No data,No data,No data,No data,No data,No data,No data,No data,No data,No data,No data,No data,No data,No data,No data,
No data,No data,No data,No data,No data,No data,No data,No data,No data,No data,No data,No data,No data,No data,No data,No data,No data,52:00
No data,No data,No data,No data,No data,No data,No data,No data,No data,No data,No data,No data,No data,No data,No data,No data,No data,Now playing
No data,No data,No data,No data,No data,No data,No data,No data,No data,No data,No data,No data,No data,No data,No data,No data,No data,Fungi’s Resilience and Intelligence
No data,No data,No data,No data,No data,No data,No data,No data,No data,No data,No data,No data,No data,No data,No data,No data,No data,
No data,No data,No data,No data,No data,No data,No data,No data,No data,No data,No data,No data,No data,No data,No data,No data,No data,886K views
No data,No data,No data,No data,No data,No data,No data,No data,No data,No data,No data,No data,No data,No data,No data,No data,No data,2 months ago
No data,No data,No data,No data,No data,No data,No data,No data,No data,No data,No data,No data,No data,No data,No data,No data,No data,
No data,No data,No data,No data,No data,No data,No data,No data,No data,No data,No data,No data,No data,No data,No data,No data,No data,14:59
No data,No data,No data,No data,No data,No data,No data,No data,No data,No data,No data,No data,No data,No data,No data,No data,No data,Now playing
No data,No data,No data,No data,No data,No data,No data,No data,No data,No data,No data,No data,No data,No data,No data,No data,No data,Math News: The Bunkbed conjecture was just debunked!!!!!!!
No data,No data,No data,No data,No data,No data,No data,No data,No data,No data,No data,No data,No data,No data,No data,No data,No data,
No data,No data,No data,No data,No data,No data,No data,No data,No data,No data,No data,No data,No data,No data,No data,No data,No data,189K views
No data,No data,No data,No data,No data,No data,No data,No data,No data,No data,No data,No data,No data,No data,No data,No data,No data,7 days ago
No data,No data,No data,No data,No data,No data,No data,No data,No data,No data,No data,No data,No data,No data,No data,No data,No data,
No data,No data,No data,No data,No data,No data,No data,No data,No data,No data,No data,No data,No data,No data,No data,No data,No data,34:29
No data,No data,No data,No data,No data,No data,No data,No data,No data,No data,No data,No data,No data,No data,No data,No data,No data,Now playing
No data,No data,No data,No data,No data,No data,No data,No data,No data,No data,No data,No data,No data,No data,No data,No data,No data,Wavelets: a mathematical microscope
No data,No data,No data,No data,No data,No data,No data,No data,No data,No data,No data,No data,No data,No data,No data,No data,No data,
No data,No data,No data,No data,No data,No data,No data,No data,No data,No data,No data,No data,No data,No data,No data,No data,No data,636K views
No data,No data,No data,No data,No data,No data,No data,No data,No data,No data,No data,No data,No data,No data,No data,No data,No data,2 years ago
No data,No data,No data,No data,No data,No data,No data,No data,No data,No data,No data,No data,No data,No data,No data,No data,No data,
No data,No data,No data,No data,No data,No data,No data,No data,No data,No data,No data,No data,No data,No data,No data,No data,No data,45:46
No data,No data,No data,No data,No data,No data,No data,No data,No data,No data,No data,No data,No data,No data,No data,No data,No data,Now playing
No data,No data,No data,No data,No data,No data,No data,No data,No data,No data,No data,No data,No data,No data,No data,No data,No data,"Geoffrey Hinton | On working with Ilya, choosing problems, and the power of intuition"
No data,No data,No data,No data,No data,No data,No data,No data,No data,No data,No data,No data,No data,No data,No data,No data,No data,253K views
No data,No data,No data,No data,No data,No data,No data,No data,No data,No data,No data,No data,No data,No data,No data,No data,No data,4 months ago
No data,No data,No data,No data,No data,No data,No data,No data,No data,No data,No data,No data,No data,No data,No data,No data,No data,
No data,No data,No data,No data,No data,No data,No data,No data,No data,No data,No data,No data,No data,No data,No data,No data,No data,27:15
No data,No data,No data,No data,No data,No data,No data,No data,No data,No data,No data,No data,No data,No data,No data,No data,No data,Now playing
No data,No data,No data,No data,No data,No data,No data,No data,No data,No data,No data,No data,No data,No data,No data,No data,No data,The Most Misunderstood Concept in Physics
No data,No data,No data,No data,No data,No data,No data,No data,No data,No data,No data,No data,No data,No data,No data,No data,No data,
No data,No data,No data,No data,No data,No data,No data,No data,No data,No data,No data,No data,No data,No data,No data,No data,No data,15M views
No data,No data,No data,No data,No data,No data,No data,No data,No data,No data,No data,No data,No data,No data,No data,No data,No data,1 year ago
No data,No data,No data,No data,No data,No data,No data,No data,No data,No data,No data,No data,No data,No data,No data,No data,No data,
No data,No data,No data,No data,No data,No data,No data,No data,No data,No data,No data,No data,No data,No data,No data,No data,No data,46:22
No data,No data,No data,No data,No data,No data,No data,No data,No data,No data,No data,No data,No data,No data,No data,No data,No data,Now playing
No data,No data,No data,No data,No data,No data,No data,No data,No data,No data,No data,No data,No data,No data,No data,No data,No data,"It's Not About Scale, It's About Abstraction"
No data,No data,No data,No data,No data,No data,No data,No data,No data,No data,No data,No data,No data,No data,No data,No data,No data,47K views
No data,No data,No data,No data,No data,No data,No data,No data,No data,No data,No data,No data,No data,No data,No data,No data,No data,4 days ago
No data,No data,No data,No data,No data,No data,No data,No data,No data,No data,No data,No data,No data,No data,No data,No data,No data,
No data,No data,No data,No data,No data,No data,No data,No data,No data,No data,No data,No data,No data,No data,No data,No data,No data,53:41
No data,No data,No data,No data,No data,No data,No data,No data,No data,No data,No data,No data,No data,No data,No data,No data,No data,Now playing
No data,No data,No data,No data,No data,No data,No data,No data,No data,No data,No data,No data,No data,No data,No data,No data,No data,How I animate 3Blue1Brown | A Manim demo with Ben Sparks
No data,No data,No data,No data,No data,No data,No data,No data,No data,No data,No data,No data,No data,No data,No data,No data,No data,
No data,No data,No data,No data,No data,No data,No data,No data,No data,No data,No data,No data,No data,No data,No data,No data,No data,561K views
No data,No data,No data,No data,No data,No data,No data,No data,No data,No data,No data,No data,No data,No data,No data,No data,No data,4 days ago
No data,No data,No data,No data,No data,No data,No data,No data,No data,No data,No data,No data,No data,No data,No data,No data,No data,
No data,No data,No data,No data,No data,No data,No data,No data,No data,No data,No data,No data,No data,No data,No data,No data,No data,26:57
No data,No data,No data,No data,No data,No data,No data,No data,No data,No data,No data,No data,No data,No data,No data,No data,No data,Now playing
No data,No data,No data,No data,No data,No data,No data,No data,No data,No data,No data,No data,No data,No data,No data,No data,No data,"The most beautiful equation in math, explained visually [Euler’s Formula]"
No data,No data,No data,No data,No data,No data,No data,No data,No data,No data,No data,No data,No data,No data,No data,No data,No data,891K views
No data,No data,No data,No data,No data,No data,No data,No data,No data,No data,No data,No data,No data,No data,No data,No data,No data,2 months ago
No data,No data,No data,No data,No data,No data,No data,No data,No data,No data,No data,No data,No data,No data,No data,No data,No data,
No data,No data,No data,No data,No data,No data,No data,No data,No data,No data,No data,No data,No data,No data,No data,No data,No data,37:03
No data,No data,No data,No data,No data,No data,No data,No data,No data,No data,No data,No data,No data,No data,No data,No data,No data,Now playing
No data,No data,No data,No data,No data,No data,No data,No data,No data,No data,No data,No data,No data,No data,No data,No data,No data,Something Strange Happens When You Follow Einstein's Math
No data,No data,No data,No data,No data,No data,No data,No data,No data,No data,No data,No data,No data,No data,No data,No data,No data,
No data,No data,No data,No data,No data,No data,No data,No data,No data,No data,No data,No data,No data,No data,No data,No data,No data,15M views
No data,No data,No data,No data,No data,No data,No data,No data,No data,No data,No data,No data,No data,No data,No data,No data,No data,5 months ago
No data,No data,No data,No data,No data,No data,No data,No data,No data,No data,No data,No data,No data,No data,No data,No data,No data,
No data,No data,No data,No data,No data,No data,No data,No data,No data,No data,No data,No data,No data,No data,No data,No data,No data,Show more
